{"cameraMode":{"drawMode":0,"name":"Shaded","section":"Shading Mode"},"sceneLighting":true,"audioPlay":false,"sceneViewState":{"showFog":true,"showMaterialUpdate":false,"showSkybox":false,"showFlares":true,"showImageEffects":true,"showParticleSystems":true},"in2DMode":false,"pivot":{"x":1.27583646774292,"y":0.9918787479400635,"z":-1.5697236061096192},"rotation":{"x":-0.04912542924284935,"y":0.9449519515037537,"z":-0.16786475479602815,"w":-0.27653923630714419},"size":10.0,"orthographic":false}